-- =============================================
-- Seed Data for Development
-- =============================================

-- Universities
INSERT INTO universities (id, name_en, name_km, type, location_en, location_km, description_en, description_km, website, tuition_info_en, tuition_info_km, programs_en, programs_km) VALUES
('11111111-1111-1111-1111-111111111101', 'Royal University of Phnom Penh', 'សាកលវិទ្យាល័យភូមិន្ទភ្នំពេញ', 'public', 'Phnom Penh', 'ភ្នំពេញ', 'The oldest and largest university in Cambodia.', 'សាកលវិទ្យាល័យចំណាស់បំផុត និងធំបំផុតនៅកម្ពុជា។', 'https://www.rupp.edu.kh', 'Free for public programs', 'ឥតគិតថ្លៃសម្រាប់កម្មវិធីសាធារណៈ', ARRAY['Computer Science','Business','Law','Science','Engineering'], ARRAY['វិទ្យាសាស្ត្រកុំព្យូទ័រ','ពាណិជ្ជកម្ម','នីតិសាស្ត្រ','វិទ្យាសាស្ត្រ','វិស្វកម្ម']),
('11111111-1111-1111-1111-111111111102', 'Institute of Technology of Cambodia', 'វិទ្យាស្ថានបច្ចេកវិទ្យាកម្ពុជា', 'public', 'Phnom Penh', 'ភ្នំពេញ', 'Premier engineering and technology institution.', 'ស្ថាប័នវិស្វកម្ម និងបច្ចេកវិទ្យាឈានមុខ។', 'https://www.itc.edu.kh', 'Free for scholarship students', 'ឥតគិតថ្លៃសម្រាប់និស្សិតអាហារូបករណ៍', ARRAY['Civil Engineering','IT','Chemical Engineering','Electronics'], ARRAY['វិស្វកម្មសំណង់','បច្ចេកវិទ្យាព័ត៌មាន','វិស្វកម្មគីមី','អេឡិចត្រូនិក']),
('11111111-1111-1111-1111-111111111103', 'University of Battambang', 'សាកលវិទ្យាល័យបាត់ដំបង', 'public', 'Battambang', 'បាត់ដំបង', 'Major public university in northwest Cambodia.', 'សាកលវិទ្យាល័យសាធារណៈធំមួយនៅភាគពាយ័ព្យកម្ពុជា។', 'https://www.ubb.edu.kh', '$200-400/year', '$២០០-៤០០/ឆ្នាំ', ARRAY['Agriculture','Education','Science','Management'], ARRAY['កសិកម្ម','អប់រំ','វិទ្យាសាស្ត្រ','គ្រប់គ្រង']),
('11111111-1111-1111-1111-111111111104', 'American University of Phnom Penh', 'សាកលវិទ្យាល័យអាមេរិកាំងភ្នំពេញ', 'private', 'Phnom Penh', 'ភ្នំពេញ', 'Private university with international curriculum.', 'សាកលវិទ្យាល័យឯកជនដែលមានកម្មវិធីសិក្សាអន្តរជាតិ។', 'https://www.aupp.edu.kh', '$3000-5000/year', '$៣០០០-៥០០០/ឆ្នាំ', ARRAY['Business','Global Affairs','IT','Law'], ARRAY['ពាណិជ្ជកម្ម','កិច្ចការសកល','បច្ចេកវិទ្យាព័ត៌មាន','នីតិសាស្ត្រ']),
('11111111-1111-1111-1111-111111111105', 'University of Health Sciences', 'សាកលវិទ្យាល័យវិទ្យាសាស្ត្រសុខាភិបាល', 'public', 'Phnom Penh', 'ភ្នំពេញ', 'Leading medical university in Cambodia.', 'សាកលវិទ្យាល័យវេជ្ជសាស្ត្រឈានមុខនៅកម្ពុជា។', 'https://www.uhs.edu.kh', 'Free for public intake', 'ឥតគិតថ្លៃសម្រាប់ការទទួលចូលសាធារណៈ', ARRAY['Medicine','Pharmacy','Dentistry','Nursing'], ARRAY['វេជ្ជសាស្ត្រ','ឱសថសាស្ត្រ','ទន្តសាស្ត្រ','គិលានុបដ្ឋាក']);

-- Scholarships
INSERT INTO scholarships (id, name_en, name_km, provider_en, provider_km, description_en, description_km, type, coverage_en, coverage_km, eligibility_en, eligibility_km, application_url, deadline, is_active) VALUES
('22222222-2222-2222-2222-222222222201', 'MEXT Scholarship', 'អាហារូបករណ៍ MEXT', 'Japanese Government', 'រដ្ឋាភិបាលជប៉ុន', 'Full scholarship to study in Japan for undergraduate or graduate studies.', 'អាហារូបករណ៍ពេញដើម្បីសិក្សានៅជប៉ុនសម្រាប់ថ្នាក់បរិញ្ញាបត្រ ឬក្រោយបរិញ្ញាបត្រ។', 'full', 'Tuition, living allowance, airfare', 'ថ្លៃសិក្សា ប្រាក់ឧបត្ថម្ភរស់នៅ សំបុត្រយន្តហោះ', 'Cambodian nationals, under 25, Bac II passed', 'ពលរដ្ឋខ្មែរ អាយុក្រោម ២៥ឆ្នាំ ប្រឡង Bac II ជាប់', 'https://www.kh.emb-japan.go.jp', '2026-04-30', true),
('22222222-2222-2222-2222-222222222202', 'KOICA Scholarship', 'អាហារូបករណ៍ KOICA', 'Korean Government', 'រដ្ឋាភិបាលកូរ៉េ', 'Graduate scholarship program in South Korea.', 'កម្មវិធីអាហារូបករណ៍ក្រោយបរិញ្ញាបត្រនៅកូរ៉េខាងត្បូង។', 'full', 'Tuition, accommodation, monthly stipend', 'ថ្លៃសិក្សា កន្លែងស្នាក់នៅ ប្រាក់ឧបត្ថម្ភប្រចាំខែ', 'Bachelor degree holders, work experience preferred', 'អ្នកមានបរិញ្ញាបត្រ បទពិសោធន៍ការងារជាអទិភាព', 'https://www.koica.go.kr', '2026-03-15', true),
('22222222-2222-2222-2222-222222222203', 'RUPP Merit Scholarship', 'អាហារូបករណ៍សមិទ្ធផល RUPP', 'Royal University of Phnom Penh', 'សាកលវិទ្យាល័យភូមិន្ទភ្នំពេញ', 'Merit-based scholarship for top-performing students.', 'អាហារូបករណ៍ផ្អែកលើសមិទ្ធផលសម្រាប់សិស្សពូកែ។', 'partial', 'Tuition waiver', 'លើកលែងថ្លៃសិក្សា', 'Bac II grade A or B, Cambodian national', 'ពិន្ទុ Bac II ថ្នាក់ A ឬ B ពលរដ្ឋខ្មែរ', 'https://www.rupp.edu.kh/scholarship', '2026-08-31', true),
('22222222-2222-2222-2222-222222222204', 'Cambodian Children Fund Scholarship', 'អាហារូបករណ៍មូលនិធិកុមារកម្ពុជា', 'CCF', 'មូលនិធិកុមារកម្ពុជា', 'Supports underprivileged students with university costs.', 'គាំទ្រសិស្សក្រីក្រជាមួយនឹងចំណាយសាកលវិទ្យាល័យ។', 'full', 'Tuition, books, living expenses', 'ថ្លៃសិក្សា សៀវភៅ ការចំណាយរស់នៅ', 'From low-income families, strong academics', 'មកពីគ្រួសារមានចំណូលទាប សមិទ្ធផលសិក្សាល្អ', 'https://www.cambodianchildrensfund.org', '2026-06-30', true),
('22222222-2222-2222-2222-222222222205', 'ADB-JSP Scholarship', 'អាហារូបករណ៍ ADB-JSP', 'Asian Development Bank', 'ធនាគារអភិវឌ្ឍន៍អាស៊ី', 'Graduate scholarship for development-related fields.', 'អាហារូបករណ៍ក្រោយបរិញ្ញាបត្រសម្រាប់វិស័យពាក់ព័ន្ធនឹងការអភិវឌ្ឍ។', 'full', 'Full tuition, travel, living allowance, health insurance', 'ថ្លៃសិក្សាពេញ ធ្វើដំណើរ ប្រាក់ឧបត្ថម្ភរស់នៅ ធានារ៉ាប់រងសុខភាព', 'Nationals of ADB developing member countries, accepted at partner university', 'ពលរដ្ឋនៃប្រទេសកំពុងអភិវឌ្ឍរបស់ ADB ទទួលយកនៅសាកលវិទ្យាល័យដៃគូ', 'https://www.adb.org/jsp', '2026-12-01', true),
('22222222-2222-2222-2222-222222222206', 'Provincial Student Grant', 'ជំនួយសិស្សខេត្ត', 'Ministry of Education', 'ក្រសួងអប់រំ', 'One-time grant for rural students entering university.', 'ជំនួយម្តងសម្រាប់សិស្សជនបទដែលចូលសាកលវិទ្យាល័យ។', 'grant', '$150 one-time', '$១៥០ ម្តង', 'Students from rural provinces, ID-Poor card holders', 'សិស្សពីខេត្តជនបទ អ្នកមានប័ណ្ណក្រីក្រ', NULL, '2026-09-30', true);

-- Scholarship-University Relations
INSERT INTO scholarship_university_relations (scholarship_id, university_id) VALUES
('22222222-2222-2222-2222-222222222203', '11111111-1111-1111-1111-111111111101'),
('22222222-2222-2222-2222-222222222204', '11111111-1111-1111-1111-111111111101'),
('22222222-2222-2222-2222-222222222204', '11111111-1111-1111-1111-111111111102'),
('22222222-2222-2222-2222-222222222206', '11111111-1111-1111-1111-111111111101'),
('22222222-2222-2222-2222-222222222206', '11111111-1111-1111-1111-111111111103'),
('22222222-2222-2222-2222-222222222206', '11111111-1111-1111-1111-111111111105');

-- Vocational Schools
INSERT INTO vocational_schools (id, name_en, name_km, location_en, location_km, description_en, description_km, programs_en, programs_km, website, contact) VALUES
('33333333-3333-3333-3333-333333333301', 'National Polytechnic Institute of Cambodia', 'វិទ្យាស្ថានជាតិពហុបច្ចេកទេសកម្ពុជា', 'Phnom Penh', 'ភ្នំពេញ', 'Government vocational training institute.', 'វិទ្យាស្ថានបណ្តុះបណ្តាលវិជ្ជាជីវៈរបស់រដ្ឋាភិបាល។', ARRAY['Automotive','Electrical','Construction','Welding'], ARRAY['យានយន្ត','អគ្គិសនី','សំណង់','ការផ្សារដែក'], 'https://www.npic.edu.kh', '023-456-789'),
('33333333-3333-3333-3333-333333333302', 'Don Bosco Technical School', 'សាលាបច្ចេកទេសដនបូស្កូ', 'Sihanoukville', 'ព្រះសីហនុ', 'Catholic NGO-run technical school.', 'សាលាបច្ចេកទេសដំណើរការដោយ NGO កាតូលិក។', ARRAY['IT','Electronics','Hospitality','Mechanics'], ARRAY['បច្ចេកវិទ្យាព័ត៌មាន','អេឡិចត្រូនិក','បដិសណ្ឋារកិច្ច','មេកានិក'], 'https://www.donbosco.kh', '034-567-890'),
('33333333-3333-3333-3333-333333333303', 'Battambang Provincial Training Center', 'មជ្ឈមណ្ឌលបណ្តុះបណ្តាលខេត្តបាត់ដំបង', 'Battambang', 'បាត់ដំបង', 'Provincial vocational training for rural youth.', 'ការបណ្តុះបណ្តាលវិជ្ជាជីវៈខេត្តសម្រាប់យុវជនជនបទ។', ARRAY['Agriculture','Sewing','Cooking','Basic IT'], ARRAY['កសិកម្ម','ដេរ','ចម្អិនអាហារ','បច្ចេកវិទ្យាព័ត៌មានមូលដ្ឋាន'], NULL, '053-678-901');
